id_artists,id,name,popularity,duration_ms,explicit,artists,release_date,danceability,energy,key,loudness,mode,speechiness,acousticness,instrumentalness,liveness,valence,tempo,time_signature,loudness_scale,tempo_scale,duration_scale,popularity_scale
['5LiOoJbxVSAMkBS2fUm3X2'],07A5yehtSnoedViJAZkNnc,Vivo para Quererte - Remasterizado,0,181640,0,['Ignacio Corsini'],1922-03-21,0.434,0.177,1,-21.18,1,0.0512,0.9940000000000001,0.0218,0.212,0.457,130.418,5,0.647,0.5355821393224836,0.03361524937540483,0.0
['5LiOoJbxVSAMkBS2fUm3X2'],08FmqUhxtyLTn6pAh6bk45,El Prisionero - Remasterizado,0,176907,0,['Ignacio Corsini'],1922-03-21,0.321,0.0946,7,-27.961,1,0.0504,0.995,0.9179999999999999,0.10400000000000001,0.397,169.98,3,0.5339833333333334,0.698049748056524,0.03273933561580457,0.0
['3BiJGZsyX9sJchTqcSA7Su'],08y9GfoqCWfOGsKdwojr5e,Lady of the Evening,0,163080,0,['Dick Haymes'],1922,0.402,0.158,3,-16.9,0,0.039,0.9890000000000001,0.13,0.311,0.196,103.22,4,0.7183333333333334,0.4238892516436899,0.030180438604608124,0.0
['3BiJGZsyX9sJchTqcSA7Su'],0BRXJHRNGQ3W4v9frnSfhu,Ave Maria,0,178933,0,['Dick Haymes'],1922,0.22699999999999998,0.261,5,-12.343,1,0.0382,0.9940000000000001,0.247,0.0977,0.0539,118.891,4,0.7942833333333333,0.48824469111770913,0.03311427778291848,0.0
['4AxgXfD7ISvJSTObqm4aIE'],0IA0Hju8CAgYfV1hwhidBH,La Java,0,161427,0,['Mistinguett'],1922,0.563,0.184,4,-13.757,1,0.0512,0.993,1.55e-05,0.325,0.654,133.088,3,0.7707166666666667,0.5465469165157469,0.029874525770334042,0.0
['5LiOoJbxVSAMkBS2fUm3X2'],0JV4iqw2lSKJaHBQZ0e5zK,Martín Fierro - Remasterizado,0,181173,0,['Ignacio Corsini'],1922-03-29,0.5479999999999999,0.0391,6,-23.228,1,0.153,0.996,0.9329999999999999,0.14800000000000002,0.612,75.595,3,0.6128666666666667,0.3104428209455991,0.033528823910428426,0.0
['7DIlOK9L8d0IQ7Xk8aJxDW'],0TWsNj5iSvbMTtbEDP7A4V,Elle Prend L'boulevard Magenta,0,172027,0,['Félix Mayol'],1922,0.7090000000000001,0.289,2,-14.978,1,0.18,0.9670000000000001,0.0,0.11900000000000001,0.84,107.515,4,0.7503666666666666,0.44152734828978224,0.031836217266586475,0.0
['5LiOoJbxVSAMkBS2fUm3X2'],0l3BQsVJ7F76wlN5QhJzaP,El Vendaval - Remasterizado,0,153533,0,['Ignacio Corsini'],1922-03-21,0.37,0.37200000000000005,2,-17.137999999999998,1,0.0865,0.985,0.000681,0.929,0.753,159.66899999999998,4,0.7143666666666667,0.6557059961315279,0.02841362080133247,0.0
['5LiOoJbxVSAMkBS2fUm3X2'],0xJCJ9XSNcdTIz0QKmhtEn,La Maleva - Remasterizado,0,181440,0,['Ignacio Corsini'],1922-03-29,0.33899999999999997,0.0958,8,-26.944000000000003,1,0.053,0.9940000000000001,0.9690000000000001,0.12300000000000001,0.21899999999999997,86.279,3,0.5509333333333333,0.3543183563511521,0.03357823632830573,0.0
['28pbIiOohRRZjqpAM9iqYM'],112adU33vo4C1eRZct2hWy,Nuits De Chine,4,180800,0,['Louis Lynel'],1922,0.42,0.28800000000000003,7,-14.005,1,0.0701,0.9940000000000001,0.00021600000000000002,0.196,0.4,139.575,3,0.7665833333333333,0.5731868077714398,0.0334597945775886,0.04
['5LiOoJbxVSAMkBS2fUm3X2'],15BEv0mKGqHHxyDAcLJ7ei,En la Huella del Querer - Remasterizado,0,150160,0,['Ignacio Corsini'],1922-03-29,0.373,0.17600000000000002,4,-22.045,0,0.0703,0.9940000000000001,0.866,0.157,0.38299999999999995,106.595,1,0.6325833333333333,0.4377492228149499,0.027789395762006106,0.0
['2kBMqLbeN3STYqwPqJW45j'],1CZkVPFUK7wO1sMOlBHxJr,C'est La Mode Et Voila Tout,0,180400,0,['Perchicot'],1922,0.5920000000000001,0.408,10,-11.585,0,0.271,0.993,1.54e-06,0.413,0.7659999999999999,81.126,4,0.8069166666666666,0.3331567470339662,0.03338576848339039,0.0
['2kBMqLbeN3STYqwPqJW45j'],1FnTOwM5cW5N9wzCWziLKC,La Ronde De Nuit,0,177400,0,['Perchicot'],1922,0.55,0.31,10,-15.423,0,0.168,0.992,0.0,0.204,0.568,125.829,4,0.74295,0.5167366851876948,0.032830572776903856,0.0
['5LiOoJbxVSAMkBS2fUm3X2'],1HJRj2XztAhgO7dLBw6b7s,El Patotero Sentimental - Remasterizado,0,145627,0,['Ignacio Corsini'],1922-03-29,0.48200000000000004,0.0283,0,-23.414,0,0.0732,0.996,0.77,0.0989,0.33,77.642,4,0.6097666666666666,0.318849150127101,0.02695049504950495,0.0
['3BiJGZsyX9sJchTqcSA7Su'],1HXdv1z9RlvrcUernyf0MY,The Dear Little Shamrock,0,191613,0,['Dick Haymes'],1922,0.34700000000000003,0.19699999999999998,10,-15.652000000000001,1,0.0504,0.991,0.000133,0.196,0.24600000000000002,109.338,3,0.7391333333333333,0.44901378605132497,0.035460904969001575,0.0
['5LiOoJbxVSAMkBS2fUm3X2'],1KLKkACG16o5crQPiaF1Tz,Tus Suspiros - Remasterizado,0,168107,0,['Ignacio Corsini'],1922-03-29,0.273,0.318,6,-18.597,1,0.0694,0.9740000000000001,0.163,0.778,0.414,74.542,3,0.69005,0.306118509940166,0.031110761543444065,0.0
['5LiOoJbxVSAMkBS2fUm3X2'],1KgBLlvPR6BxDyBNDtCUP0,Ojos Funestos - Remasterizado,0,194200,0,['Ignacio Corsini'],1922-03-21,0.373,0.244,8,-22.711,1,0.0538,0.993,0.0478,0.214,0.623,115.51,4,0.6214833333333334,0.4743600799977003,0.035939668733228465,0.0
"['3BiJGZsyX9sJchTqcSA7Su', '58wzyK6DupVsypvs3QV2Fo', '6lXiGaWjISZnER53ZJe6QO']",1MD0Obbza9l0t0Zpgcwagy,And Mimi,0,186147,0,"['Dick Haymes', 'Gordon Jenkins', 'His Orchestra']",1922,0.284,0.223,9,-15.732999999999999,0,0.0453,0.98,0.0813,0.345,0.226,77.234,3,0.7377833333333333,0.3171736336121754,0.0344493383917831,0.0
"['3BiJGZsyX9sJchTqcSA7Su', '5MpELOfAiq7aIBTij30phD', '6lXiGaWjISZnER53ZJe6QO']",1O9iZyzufN1fUdVO97mmm5,How High the Moon,0,175333,0,"['Dick Haymes', 'Harry James', 'His Orchestra']",1922,0.32799999999999996,0.307,0,-11.573,1,0.0484,0.9890000000000001,0.27699999999999997,0.21,0.259,117.225,4,0.8071166666666667,0.48140299868176273,0.03244804293513463,0.0
['5LiOoJbxVSAMkBS2fUm3X2'],1PGLk4jyXA8oWTBtMyYlwX,El Huerfano - Remasterizado,0,171013,0,['Ignacio Corsini'],1922-03-21,0.462,0.11900000000000001,4,-20.938000000000002,0,0.0793,0.996,0.88,0.0773,0.40700000000000003,122.895,4,0.6510333333333334,0.5046877502494794,0.03164856111779402,0.0
['3QXjI80udwDSEfxK5BjUXc'],1QDTYyfndMN9SDtRKDv9XO,Pas Pour Moi,0,204773,0,['Maurice Chevalier'],1922,0.532,0.375,7,-13.321,1,0.298,0.995,1.22e-06,0.276,0.508,80.37899999999999,4,0.7779833333333334,0.33008907341472726,0.037896363468122515,0.0
['5LiOoJbxVSAMkBS2fUm3X2'],1VuFIir7DL0mc6bppGMa3r,La Canción del Cabaret - Remasterizado,0,141440,0,['Ignacio Corsini'],1922-03-29,0.45799999999999996,0.17800000000000002,8,-18.754,1,0.0614,0.992,0.8170000000000001,0.413,0.28600000000000003,69.128,5,0.6874333333333333,0.2838850628524026,0.026175626908485242,0.0
['4AxgXfD7ISvJSTObqm4aIE'],1b8HZQCqcqwbzlA1jRTp6E,En Douce,0,223440,0,['Mistinguett'],1922,0.42700000000000005,0.18,10,-15.375,1,0.067,0.9890000000000001,0.0,0.128,0.431,78.459,3,0.74375,0.3222042898150772,0.041350976219117236,0.0
['3BiJGZsyX9sJchTqcSA7Su'],1kXWSsJkBVZ1jSoI8NnEDm,Marta,0,177693,0,['Dick Haymes'],1922,0.255,0.34299999999999997,0,-9.373,1,0.0305,0.987,0.0153,0.326,0.313,101.096,4,0.8437833333333333,0.415166709786577,0.032884796890904046,0.0
['5LiOoJbxVSAMkBS2fUm3X2'],213QIyv1KZIeGg7oXAMbah,Mi Guitarra - Remasterizado,0,169853,0,['Ignacio Corsini'],1922-03-29,0.23600000000000002,0.124,1,-22.971,1,0.0515,0.995,0.981,0.149,0.409,71.524,3,0.61715,0.29372461571946595,0.031433885444619225,0.0
['5LiOoJbxVSAMkBS2fUm3X2'],21yni4TcBS35MlxLjzV51t,Practicante - Remasterizado,0,138587,0,['Ignacio Corsini'],1922-03-29,0.43,0.168,7,-19.558,1,0.0622,0.995,0.9279999999999999,0.24600000000000002,0.43700000000000006,58.863,4,0.6740333333333333,0.2417302172011482,0.025647635791616545,0.0
['5LiOoJbxVSAMkBS2fUm3X2'],2B9d7LBGJvQEKiLEAexCOP,Toda Alma - Remasterizado,0,180253,0,['Ignacio Corsini'],1922-03-21,0.545,0.268,1,-23.029,1,0.191,0.995,0.92,0.11199999999999999,0.648,126.61399999999999,4,0.6161833333333333,0.5199604118156768,0.03335856389377256,0.0
['5LiOoJbxVSAMkBS2fUm3X2'],2Be2FRskn33cqPyeSdTqFd,No Me Olvides - Remasterizado,0,155093,0,['Ignacio Corsini'],1922-03-21,0.484,0.0558,8,-25.33,0,0.0575,0.996,0.278,0.20199999999999999,0.636,99.555,4,0.5778333333333334,0.40883834961623283,0.028702322568705467,0.0
['3BiJGZsyX9sJchTqcSA7Su'],2IMcezGQzHgqH8gIvXJM3Q,Till the End of Time,0,182227,0,['Dick Haymes'],1922,0.20800000000000002,0.23399999999999999,8,-15.427,1,0.0426,0.986,0.6559999999999999,0.23399999999999999,0.209,85.288,3,0.7428833333333333,0.3502486581494577,0.033723882668640695,0.0
['5LiOoJbxVSAMkBS2fUm3X2'],2MHbLEapczIltPOYYEzQtE,Como una Flor - Remasterizado,0,151040,0,['Ignacio Corsini'],1922-03-21,0.218,0.39399999999999996,10,-19.492,0,0.0388,0.981,0.301,0.505,0.7490000000000001,82.287,4,0.6751333333333334,0.3379245771168796,0.02795225316924216,0.0
['5LiOoJbxVSAMkBS2fUm3X2'],2UU5t5j325ofKGcg7oUQNh,Sin Amor - Remasterizado,0,130987,0,['Ignacio Corsini'],1922-03-21,0.5429999999999999,0.424,5,-18.425,1,0.26899999999999996,0.99,0.0379,0.861,0.659,68.567,4,0.6929166666666666,0.2815812276443798,0.024241140001850653,0.0
['5LiOoJbxVSAMkBS2fUm3X2'],2cK20o1IdLmUIC4NoPWzOt,Flor Marchita - Remasterizado,0,153133,0,['Ignacio Corsini'],1922-03-29,0.36,0.0954,0,-24.17,0,0.064,0.9940000000000001,0.726,0.107,0.344,76.3,3,0.5971666666666666,0.3133380149235956,0.028339594707134264,0.0
['3BiJGZsyX9sJchTqcSA7Su'],38u3k7zUGTp48G1oA3ky3R,The Girl That I Marry,0,182920,0,['Dick Haymes'],1922,0.185,0.151,7,-17.822,1,0.0391,0.985,0.7979999999999999,0.151,0.135,88.945,3,0.7029666666666667,0.36526670691191626,0.03385213287683909,0.0
['5LiOoJbxVSAMkBS2fUm3X2'],3ROtnqCtqrMbaDkivZyV5n,Entrerriana - Remasterizado,0,183720,0,['Ignacio Corsini'],1922-03-21,0.431,0.2,5,-23.557,0,0.0322,0.995,0.821,0.139,0.5429999999999999,108.65,3,0.6073833333333334,0.4461884052614504,0.03400018506523549,0.0
['5LiOoJbxVSAMkBS2fUm3X2'],3XxlglpLYkpZIfU1c1C5e4,Pobre Cotorro - Remasterizado,0,159800,0,['Ignacio Corsini'],1922-03-21,0.564,0.053,6,-25.041,0,0.127,0.996,0.927,0.11699999999999999,0.40700000000000003,140.216,4,0.58265,0.5758191756294481,0.029573424632182845,0.0
['5LiOoJbxVSAMkBS2fUm3X2'],3c8AbdpLH4SSbTHsN71XDN,Un Placer - Remasterizado,0,177773,0,['Ignacio Corsini'],1922-03-21,0.527,0.142,8,-20.701,0,0.0612,0.996,0.907,0.113,0.8959999999999999,126.70200000000001,4,0.6549833333333333,0.5203217977306608,0.032899602109743686,0.0
['0Yly6PvJghpLD3Lj8Kvpcj'],3d8zXYhG3sFx4uL9vv8IRu,Le Tango Neurasthénique,0,187040,0,['Georgius'],1922,0.564,0.433,2,-14.619000000000002,0,0.35600000000000004,0.9790000000000001,3.74e-06,0.226,0.601,72.003,4,0.75635,0.2956917049612537,0.0346146016470806,0.0
"['3BiJGZsyX9sJchTqcSA7Su', '5MpELOfAiq7aIBTij30phD', '6lXiGaWjISZnER53ZJe6QO']",3h8ioTTWfrC25hrHwQQpLc,All Or Nothing at All,0,164320,0,"['Dick Haymes', 'Harry James', 'His Orchestra']",1922,0.237,0.555,2,-6.611000000000001,0,0.0401,0.812,0.000262,0.366,0.292,92.213,3,0.8898166666666667,0.3786872656638207,0.03040991949662256,0.0
['3BiJGZsyX9sJchTqcSA7Su'],3hkX4bDXEzd4w6aTiDkvrR,Keepsakes,0,180733,0,['Dick Haymes'],1922,0.17600000000000002,0.358,0,-9.713,0,0.0459,0.9890000000000001,0.335,0.102,0.111,83.02600000000001,4,0.8381166666666666,0.34095939747112,0.0334473952068104,0.0
['3BiJGZsyX9sJchTqcSA7Su'],42lF2Ke3RUCoptNImf3SBj,I Ought to Know More About You,0,185653,0,['Dick Haymes'],1922,0.607,0.253,9,-9.943999999999999,0,0.0414,0.9890000000000001,1.99e-06,0.225,0.555,132.161,4,0.8342666666666667,0.5427400444340409,0.034357916165448324,0.0
['5LiOoJbxVSAMkBS2fUm3X2'],450NWyAOOQ4cOPrp7ZRp13,Pobre Madrecita - Remasterizado,0,183027,0,['Ignacio Corsini'],1922-03-29,0.53,0.147,9,-22.26,1,0.0663,0.996,0.894,0.114,0.552,69.45100000000001,4,0.629,0.28521151342671874,0.03387193485703711,0.0
['5LiOoJbxVSAMkBS2fUm3X2'],45QQGQZMPaVxlg0edajDgk,Primera Ilusión - Remasterizado,0,160267,0,['Ignacio Corsini'],1922-03-21,0.38799999999999996,0.20199999999999999,8,-26.173000000000002,1,0.0517,0.993,0.917,0.111,0.83,181.105,3,0.5637833333333333,0.7437363196951217,0.029659850097159247,0.0
['3BiJGZsyX9sJchTqcSA7Su'],46NvxfK2FwCMpMsRTBFkjR,Soft Lights and Sweet Music,0,171080,0,['Dick Haymes'],1922,0.32799999999999996,0.32299999999999995,7,-12.78,1,0.0331,0.985,0.0395,0.35700000000000004,0.153,125.65299999999999,3,0.787,0.5160139133577268,0.03166096048857222,0.0
['7DIlOK9L8d0IQ7Xk8aJxDW'],4CjnVzvSu86vqI5gY8SjPx,Elle Vendait Des P'tits Gateaux,0,151573,0,['Félix Mayol'],1922,0.716,0.301,5,-14.07,1,0.105,0.987,0.0,0.27699999999999997,0.9690000000000001,129.153,4,0.7655,0.530387216794589,0.028050892939761266,0.0
"['3BiJGZsyX9sJchTqcSA7Su', '3HqN7Sq7rmpOEI9UV5ERuz', '6lXiGaWjISZnER53ZJe6QO']",4DE7VBCgyTjqV0Plc9Ra0U,Hush-A-Bye (Wee Rose of Kilarney),0,156880,0,"['Dick Haymes', 'Victor Young', 'His Orchestra']",1922,0.27899999999999997,0.128,0,-19.793,1,0.0406,0.9940000000000001,0.613,0.11599999999999999,0.145,79.12100000000001,5,0.6701166666666667,0.32492289749370656,0.02903303414453595,0.0
['5LiOoJbxVSAMkBS2fUm3X2'],4RR5RKLA2vTQxkWrMIeHem,Cap Polonio - Remasterizado,0,161080,0,['Ignacio Corsini'],1922-03-21,0.541,0.161,3,-21.25,1,0.094,0.996,0.907,0.129,0.708,143.105,4,0.6458333333333333,0.5876833109520465,0.0298103081336171,0.0
['3BiJGZsyX9sJchTqcSA7Su'],4Vw0vSS31VCTYZXML5mMNX,Serenade of the Bells,0,181200,0,['Dick Haymes'],1922,0.26899999999999996,0.255,0,-9.041,1,0.0536,0.9840000000000001,0.00263,0.17800000000000002,0.154,79.186,4,0.8493166666666667,0.32518983027181975,0.033533820671786806,0.0
['0hKr2636wsQI7PrARkAiaA'],4iy1fsAHBgR2STJjPDhjY2,Mes Parents Sont Venus Me Chercher,0,183840,0,['Fortugé'],1922,0.5539999999999999,0.204,7,-14.764000000000001,1,0.0598,0.995,1.24e-06,0.153,0.62,97.337,4,0.7539333333333333,0.399729781895387,0.03402239289349496,0.0
['3BiJGZsyX9sJchTqcSA7Su'],4jhUNBqlFI21O7L0sKl507,As If I Didn't Have Enough On My Mind,0,148440,0,['Dick Haymes'],1922,0.32,0.24600000000000002,0,-15.79,1,0.0463,0.991,0.85,0.419,0.312,84.275,4,0.7368333333333333,0.3460886134690173,0.027471083556953827,0.0
['5LiOoJbxVSAMkBS2fUm3X2'],4sAPfFxCxKIF571z6JwL4r,De Mil Amores - Remasterizado,0,174453,0,['Ignacio Corsini'],1922-03-29,0.442,0.177,9,-19.632,1,0.0571,0.9940000000000001,0.0008960000000000001,0.491,0.562,128.395,4,0.6728,0.5272743699359772,0.03228518552789859,0.0
['5LiOoJbxVSAMkBS2fUm3X2'],4vRhdBugLI9JQGsx3UfrAt,Cachonguita - Remasterizado,0,190653,0,['Ignacio Corsini'],1922-03-21,0.45,0.0522,1,-29.357,0,0.0583,0.996,0.929,0.158,0.413,72.40100000000001,5,0.5107166666666667,0.2973261548949312,0.03528324234292588,0.0
['5LiOoJbxVSAMkBS2fUm3X2'],4xDAzKsPZg7kMOhsnXHOO7,Metejón - Remasterizado,0,155653,0,['Ignacio Corsini'],1922-03-29,0.493,0.0763,4,-25.843000000000004,1,0.0612,0.996,0.909,0.16899999999999998,0.6829999999999999,75.313,5,0.5692833333333333,0.3092847433544005,0.028805959100582954,0.0
['3BiJGZsyX9sJchTqcSA7Su'],4yTwNqT53nEaIMMxDsnNr3,When a Gypsy Makes a Violin Cry,0,180587,0,['Dick Haymes'],1922,0.31,0.342,0,-10.751,0,0.0415,0.958,0.00217,0.371,0.111,82.51,5,0.8208166666666666,0.33884036187871397,0.033420375682428054,0.0
['5LiOoJbxVSAMkBS2fUm3X2'],56GdrUlLtRUtcF4afPH40o,Remembranza - Remasterizado,0,164653,0,['Ignacio Corsini'],1922-03-29,0.53,0.0468,3,-24.855999999999998,0,0.0853,0.996,0.937,0.0982,0.42,129.602,4,0.5857333333333334,0.5322311062926323,0.030471546220042566,0.0
['0Yly6PvJghpLD3Lj8Kvpcj'],5P35CyOEQiMqf8Hd6Pty5p,Méfiez Vous D'anatole,0,192933,0,['Georgius'],1922,0.625,0.35,10,-15.915999999999999,1,0.312,0.9840000000000001,0.0,0.0988,0.8079999999999999,81.567,4,0.7347333333333333,0.33496778326701077,0.03570519107985565,0.0
['5LiOoJbxVSAMkBS2fUm3X2'],5PJCXNLtJSB3XerASHg7eA,Ensueño de Oro - Remasterizado,0,151027,0,['Ignacio Corsini'],1922-03-29,0.43,0.155,1,-26.685,0,0.11599999999999999,0.995,0.9520000000000001,0.20199999999999999,0.564,96.58,4,0.55525,0.3966210416948999,0.027949847321180717,0.0
['3BiJGZsyX9sJchTqcSA7Su'],5SB8vVP2D73dMsDreQaY73,Hush Little Darlin',0,195347,0,['Dick Haymes'],1922,0.32799999999999996,0.201,10,-16.491,1,0.0408,0.985,0.517,0.113,0.31,79.883,5,0.72515,0.32805217098481765,0.03615193855834182,0.0
['5LiOoJbxVSAMkBS2fUm3X2'],5cUFFY2Atw4QeFitueQCt2,El Huerfano - Remasterizado,0,159800,0,['Ignacio Corsini'],1922-03-29,0.366,0.0749,7,-26.34,1,0.0806,0.996,0.924,0.11699999999999999,0.515,90.969,3,0.5609999999999999,0.37357858295654744,0.029573424632182845,0.0
['4AxgXfD7ISvJSTObqm4aIE'],5d5gQxHwYovxR5pqETOIAa,J'en Ai Marre,0,208267,0,['Mistinguett'],1922,0.511,0.20600000000000002,0,-15.514000000000001,1,0.0592,0.995,0.0,0.418,0.48100000000000004,70.443,4,0.7414333333333334,0.289285318286538,0.03854298140094383,0.0
['5LiOoJbxVSAMkBS2fUm3X2'],5kAxzo7Dog9Buovp3xXVO7,Nostalgia - Remasterizado,0,139760,0,['Ignacio Corsini'],1922-03-29,0.496,0.158,8,-18.494,1,0.0423,0.995,0.638,0.20600000000000002,0.34700000000000003,79.87100000000001,4,0.6917666666666666,0.3280028910873199,0.02586471731285278,0.0
['5LiOoJbxVSAMkBS2fUm3X2'],5wfVO3v2ZiWmQvJuRgJANe,Monigote - Remasterizado,0,179813,0,['Ignacio Corsini'],1922-03-21,0.42200000000000004,0.561,5,-18.573,0,0.461,0.98,3.41e-06,0.966,0.528,121.542,4,0.69045,0.499131441806601,0.03327713519015453,0.0
['5LiOoJbxVSAMkBS2fUm3X2'],5wg1nnx7c2kri8kx5xlCFH,El Beso de la Muerte - Remasterizado,0,158587,0,['Ignacio Corsini'],1922-03-21,0.493,0.0997,5,-23.445999999999998,1,0.0607,0.996,0.48100000000000004,0.192,0.5870000000000001,127.023,4,0.6092333333333333,0.5216400349887272,0.02934894050152679,0.0
['5LiOoJbxVSAMkBS2fUm3X2'],69mWzKmxFFwIAJS8nzcCgO,Recuerdo Criollo - Remasterizado,0,186200,0,['Ignacio Corsini'],1922-03-29,0.313,0.102,10,-30.026,0,0.0436,0.985,0.97,0.102,0.312,67.575,3,0.4995666666666667,0.2775074227845606,0.03445914684926436,0.0
['5LiOoJbxVSAMkBS2fUm3X2'],6E4t6Sor5rWOLQDCAdI0vN,Despedida - Remasterizado,0,178373,0,['Ignacio Corsini'],1922-03-29,0.425,0.308,1,-21.085,0,0.0534,0.98,0.0,0.631,0.509,64.738,4,0.6485833333333333,0.2658568336844526,0.033010641251040994,0.0
"['3BiJGZsyX9sJchTqcSA7Su', '5o8E07TcYqIefZpDejymAd']",6GhbZRE9N2TPf86zI1dIxQ,You'll Never Know,0,165253,0,"['Dick Haymes', 'The Pied Pipers']",1922,0.392,0.128,2,-15.22,1,0.0378,0.9940000000000001,0.153,0.0983,0.226,126.728,3,0.7463333333333333,0.520428570841906,0.030582585361339874,0.0
['5LiOoJbxVSAMkBS2fUm3X2'],6eew1OP57TeUDUMcjYE6A0,La Muchacha - Remasterizado,0,164320,0,['Ignacio Corsini'],1922-03-29,0.32299999999999995,0.106,8,-25.138,1,0.0483,0.992,0.9179999999999999,0.182,0.255,71.432,3,0.5810333333333333,0.29334680317198275,0.03040991949662256,0.0
['3BiJGZsyX9sJchTqcSA7Su'],6hH0kKnTWoGq5wppHKj5ie,Stardust,0,172933,0,['Dick Haymes'],1922,0.20800000000000002,0.226,8,-14.517999999999999,1,0.0331,0.985,0.81,0.21899999999999997,0.22,74.03,3,0.7580333333333333,0.30401590098025927,0.0320038863699454,0.0
['5LiOoJbxVSAMkBS2fUm3X2'],6qXSeW8iUiHpbgRiqQO3aJ,Pobre Gaucho - Remasterizado,0,155253,0,['Ignacio Corsini'],1922-03-29,0.47600000000000003,0.131,2,-29.575,0,0.0523,0.995,0.929,0.102,0.635,69.40899999999999,4,0.5070833333333333,0.28503903378547635,0.02873193300638475,0.0
['5LiOoJbxVSAMkBS2fUm3X2'],6tl1bsB5SXbsLjOndGiM7Q,El Poder de Tus Ojos - Remasterizado,0,172800,0,['Ignacio Corsini'],1922-03-21,0.35700000000000004,0.244,1,-21.2,1,0.0478,0.993,0.0455,0.27399999999999997,0.5589999999999999,72.51,5,0.6466666666666667,0.2977737806305363,0.0319792726936245,0.0
['5LiOoJbxVSAMkBS2fUm3X2'],7mFmbNkbJjrvDMukkza3OF,Pobre China - Remasterizado,0,158573,0,['Ignacio Corsini'],1922-03-21,0.564,0.17800000000000002,9,-26.435,1,0.0432,0.995,0.9209999999999999,0.11199999999999999,0.706,60.422,4,0.5594166666666667,0.2481324972177391,0.02934634958822985,0.0
['0hKr2636wsQI7PrARkAiaA'],7p94hrYktZStgIu6TCj3cZ,Antoine,0,165200,0,['Fortugé'],1922,0.537,0.153,8,-15.217,1,0.0898,0.9940000000000001,0.0,0.419,0.5579999999999999,129.134,4,0.7463833333333334,0.5303091902902175,0.03057277690385861,0.0
"['3BiJGZsyX9sJchTqcSA7Su', '58wzyK6DupVsypvs3QV2Fo', '6lXiGaWjISZnER53ZJe6QO']",7qiy1Sp4KTJKzQifOhY0IP,Everytime I Meet You,0,178653,0,"['Dick Haymes', 'Gordon Jenkins', 'His Orchestra']",1922,0.295,0.27699999999999997,7,-10.849,1,0.0346,0.9890000000000001,0.122,0.19399999999999998,0.174,81.05,4,0.8191833333333334,0.33284464101648,0.03306245951697973,0.0
['0Yly6PvJghpLD3Lj8Kvpcj'],7yWdEDmuqweoRkhZeftRtR,Sur La Pointe Des Pieds,0,187733,0,['Georgius'],1922,0.528,0.34299999999999997,0,-14.963,0,0.315,0.995,0.0,0.385,0.634,83.2,4,0.7506166666666667,0.34167395598483824,0.034742851855278985,0.0
['5ESobCkc6JI4tIMxQttqeg'],2wAfHM7Whz67VFbdanhZlk,Nobody Knows You When You're Down and Out,41,177133,0,['Bessie Smith'],1923,0.614,0.0423,4,-12.033,1,0.0535,0.996,0.00293,0.183,0.21100000000000002,89.822,4,0.79945,0.3688682460873815,0.032781160359026555,0.41
"['19eLuQmk9aCobbVDHc6eek', '2mY5u4CceAPrpBnse1WpFr']",3eMrYc092k7SIJfWJ7oasR,Weather Bird,38,161933,0,"['Louis Armstrong', 'Earl Hines']",1923,0.831,0.262,8,-12.386,1,0.0942,0.9840000000000001,0.912,0.204,0.9009999999999999,104.60600000000001,4,0.7935666666666666,0.42958107980468735,0.02996816877949477,0.38
['5ESobCkc6JI4tIMxQttqeg'],2AZgaYZSwUosJD71J2N2Zo,'Tain't Nobody's Bizness If I Do,30,206600,0,['Bessie Smith'],1923,0.537,0.0443,3,-16.474,0,0.0343,0.996,0.000265,0.152,0.13699999999999998,80.468,4,0.7254333333333334,0.33045456598783607,0.03823447765337282,0.3
['19eLuQmk9aCobbVDHc6eek'],7lRFR5GJCxK87ZbVMtQSeS,Ain't Misbehavin',28,192600,0,['Louis Armstrong'],1923,0.665,0.254,8,-9.879,1,0.10800000000000001,0.976,0.00217,0.644,0.503,125.734,4,0.83535,0.5163465526658371,0.03564356435643564,0.28
['5ESobCkc6JI4tIMxQttqeg'],6XTvSCqGLLH0vzQQRn55hz,"Empty Bed Blues, Pt. 1",27,181173,0,['Bessie Smith'],1923,0.7090000000000001,0.062,5,-12.207,1,0.048,0.995,0.0034100000000000003,0.12,0.5529999999999999,85.854,4,0.79655,0.3525730266481046,0.033528823910428426,0.27
['5ESobCkc6JI4tIMxQttqeg'],6qRvnXftofjYJm1Mg98UWL,Need a Little Sugar in My Bowl,27,167640,0,['Bessie Smith'],1923,0.693,0.027000000000000003,0,-13.505999999999998,0,0.0562,0.992,0.0,0.134,0.402,75.749,4,0.7749,0.311075246296821,0.03102433607846766,0.27
['5ESobCkc6JI4tIMxQttqeg'],0V1iYWPXCBTaB6dhbiprGF,Send Me to the 'Lectric Chair,26,201480,0,['Bessie Smith'],1923,0.7709999999999999,0.0905,3,-7.787999999999999,1,0.0613,0.986,0.00014099999999999998,0.152,0.601,87.571,4,0.8702,0.3596241586484167,0.03728694364763579,0.26
['5ESobCkc6JI4tIMxQttqeg'],6sOKopKyVWwEJKh8zztYp5,Young Woman's Blues,25,187960,0,['Bessie Smith'],1923,0.525,0.23199999999999998,8,-7.649,1,0.0335,0.995,0.0181,0.461,0.41100000000000003,76.14,4,0.8725166666666666,0.3126809496236248,0.03478486166373647,0.25
['5ESobCkc6JI4tIMxQttqeg'],0rUf1j43orpfi6f4LbVo8D,Careless Love,25,205053,0,['Bessie Smith'],1923,0.5870000000000001,0.175,2,-9.935,1,0.0384,0.992,0.00031800000000000003,0.073,0.483,98.523,4,0.8344166666666667,0.4046002784314208,0.037948181734061254,0.25
['5ESobCkc6JI4tIMxQttqeg'],1yjck0Owf0HfhY5kWHiXIQ,Me and My Gin,23,169960,0,['Bessie Smith'],1923,0.71,0.0735,5,-12.526,1,0.0488,0.99,0.0,0.0941,0.494,90.917,4,0.7912333333333333,0.3733650367340569,0.031453687424817245,0.23
['0Y0ZlznP6vzTS1qAm5dvTN'],2ivh0kwd7QIViw6YqDPdBA,Blue Yodel No. 9,23,157373,0,['Jimmie Rodgers'],1923,0.76,0.251,3,-11.491,1,0.0602,0.9690000000000001,2.43e-06,0.0561,0.735,108.456,4,0.8084833333333333,0.44539171358523577,0.029124271305635236,0.23
"['5ESobCkc6JI4tIMxQttqeg', '19eLuQmk9aCobbVDHc6eek']",50zXyjVdFb3xAr3hnyYYn1,St. Louis Blues,23,189600,0,"['Bessie Smith', 'Louis Armstrong']",1923,0.355,0.114,10,-15.968,1,0.0588,0.991,0.00686,0.10800000000000001,0.258,69.902,4,0.7338666666666667,0.28706361624101157,0.03508836864994911,0.23
"['5ESobCkc6JI4tIMxQttqeg', '19eLuQmk9aCobbVDHc6eek']",4ejUoPIMggFTVrAyvodqJQ,St. Louis Blues (with Louis Armstrong),23,190107,0,"['Bessie Smith', 'Louis Armstrong']",1923,0.408,0.145,10,-10.99,1,0.0501,0.9940000000000001,4.73e-05,0.138,0.294,68.8,4,0.8168333333333333,0.28253807898746236,0.03518219672434533,0.23
['5ESobCkc6JI4tIMxQttqeg'],2gyqc4p3WoxKsc6zaXF4hM,Backwater Blues,22,198053,0,['Bessie Smith'],1923,0.516,0.146,2,-8.985,1,0.0454,0.993,0.0223,0.172,0.41200000000000003,71.14399999999999,3,0.85025,0.29216408563203516,0.03665272508559267,0.22
['5ESobCkc6JI4tIMxQttqeg'],5lpBC66XQzpVDJuknDUuZd,Baby Won't You Please Come Home,22,176067,0,['Bessie Smith'],1923,0.6829999999999999,0.0534,0,-16.704,1,0.0356,0.996,0.000335,0.141,0.44,79.488,4,0.7216,0.32643004102551465,0.03258388081798834,0.22
['08Zk65toyJllap1MnzljxZ'],1xEEYhWxT4WhDQdxfPCT8D,Snake Rag,20,194533,0,"[""King Oliver's Creole Jazz Band""]",1923,0.708,0.361,0,-11.764000000000001,0,0.0441,0.9940000000000001,0.883,0.10300000000000001,0.902,105.695,4,0.8039333333333333,0.43405323050261385,0.03600129545664847,0.2
['0t4VVR2T9Sb0z3NdDdEU6S'],4ep3h4btBtuxsNeLFVzq5A,West End Blues,18,195400,0,['Louis Armstrong & His Hot Five'],1923,0.621,0.27399999999999997,3,-12.094000000000001,1,0.0514,0.986,0.63,0.113,0.523,84.788,4,0.7984333333333333,0.3481953290870488,0.03616174701582308,0.18
['5ESobCkc6JI4tIMxQttqeg'],6ktCV1ZtqlnXQeRFQvcXON,Down Hearted Blues,17,205440,0,['Bessie Smith'],1923,0.491,0.0583,0,-17.785,1,0.0431,0.996,0.376,0.13699999999999998,0.556,166.27,4,0.7035833333333333,0.6828140464134501,0.03801980198019802,0.17
['5ESobCkc6JI4tIMxQttqeg'],6N1wS1e5bMOubmVtkDLNrt,Gimme a Pigfoot and a Bottle of Beer,16,208827,0,['Bessie Smith'],1923,0.691,0.198,7,-11.164000000000001,0,0.0784,0.971,0.008879999999999999,0.154,0.5579999999999999,103.90100000000001,4,0.8139333333333333,0.42668588582669087,0.03864661793282132,0.16
"['5ESobCkc6JI4tIMxQttqeg', '19eLuQmk9aCobbVDHc6eek']",7GRsQLXMzDHYb8zZAnMCDK,Sobbin' Hearted Blues,15,180533,0,"['Bessie Smith', 'Louis Armstrong']",1923,0.415,0.0795,0,-19.172,1,0.0908,0.995,3.73e-05,0.426,0.44299999999999995,74.683,4,0.6804666666666667,0.3066975487357653,0.033410382159711295,0.15
['0t4VVR2T9Sb0z3NdDdEU6S'],08XPnovoMlLsFB3LDGq0rX,Muggles,14,168533,0,['Louis Armstrong & His Hot Five'],1923,0.586,0.113,10,-12.210999999999999,1,0.0607,0.9890000000000001,0.276,0.18100000000000002,0.484,85.235,4,0.7964833333333333,0.35003100526884234,0.031189599333765153,0.14
['08Zk65toyJllap1MnzljxZ'],3rauXVLOOM5BlxWqUcDpkg,Chimes Blues,14,170827,0,"[""King Oliver's Creole Jazz Band""]",1923,0.546,0.18899999999999997,0,-15.984000000000002,1,0.0581,0.996,0.9079999999999999,0.33899999999999997,0.5539999999999999,80.318,4,0.7336,0.3298385672691134,0.03161413898399186,0.14
['19eLuQmk9aCobbVDHc6eek'],5WlMyDvyQedom0kQ3MCTow,Lazy River,14,182707,0,['Louis Armstrong'],1923,0.5710000000000001,0.26899999999999996,4,-11.728,0,0.067,0.96,0.0129,0.121,0.49,101.845,4,0.8045333333333333,0.4182425967220655,0.03381271398167854,0.14
['6RuQvIr0t0otZHnAxXTGkm'],1UdqHVRFYMZKU2Q7xkLtYc,Pickin' On Your Baby,11,197493,0,"[""Clarence Williams' Blue Five""]",1923,0.52,0.153,0,-14.042,1,0.044000000000000004,0.995,0.131,0.353,0.319,102.93700000000001,4,0.7659666666666667,0.42272706739436655,0.036549088553715185,0.11
['5ESobCkc6JI4tIMxQttqeg'],0F5F4GWA0Tz1ebZlLar2wG,Work House Blues,11,201267,0,['Bessie Smith'],1923,0.41700000000000004,0.0498,5,-13.523,1,0.0344,0.996,0.12300000000000001,0.16899999999999998,0.41100000000000003,78.663,4,0.7746166666666667,0.32304204807254,0.037247524752475246,0.11
['6RuQvIr0t0otZHnAxXTGkm'],0Vl2DO5U6FjgBpzCtBN3OA,Everybody Loves My Baby,10,152507,0,"[""Clarence Williams' Blue Five""]",1923,0.514,0.193,2,-13.92,0,0.23800000000000002,0.996,0.19899999999999998,0.248,0.665,180.674,4,0.768,0.7419663500433252,0.028223743869714074,0.1
['5ESobCkc6JI4tIMxQttqeg'],1h0wyCVd12PDSd6CLoGaVL,Preachin' the Blues,11,171027,0,['Bessie Smith'],1923,0.703,0.185,8,-8.325,1,0.0441,0.993,0.00209,0.22,0.491,104.916,4,0.8612500000000001,0.43085414382338083,0.03165115203109096,0.11
